-- =================================================================
-- 샘플 데이터 삽입 (Sample Data Insertion)
-- =================================================================

-- -----------------------------------------------------
-- Table `USER_INFO` 데이터 삽입
-- -----------------------------------------------------
INSERT INTO USER_INFO (USER_ID, user_pw, name, email, phone, birth, sex, driver_license_number, sign_up_date, is_delete) VALUES
('user_2c5682b7', 'qaz123', '김진혁', 'kgh0519@naver.com', '010-9999-9999', '2001-05-19', 'M', '99-99-999999-99', '2025-09-08', 0),
('user001', 'pass001', '김철수', 'kim001@example.com', '010-1000-0009', '1990-03-12', 'M', '11-11-111111-11', '2025-09-04', 1),
('user002', 'pass002', '이영희', 'lee002@example.com', '010-1000-0002', '1995-07-25', 'F', '22-22-222222-22', '2025-09-04', 0),
('user003', 'pass003', '박민수', 'park003@example.com', '010-1000-0003', '1988-01-05', 'M', '33-33-333333-33', '2025-09-04', 0),
('user004', 'pass004', '정수진', 'jung004@example.com', '010-1000-0004', '2000-10-10', 'F', '44-44-444444-44', '2025-09-04', 0),
('user005', 'pass005', '최현호', 'choi005@example.com', '010-1000-0005', '1992-12-02', 'M', '55-55-555555-55', '2025-09-04', 0);

-- -----------------------------------------------------
-- Table `DEVICE_INFO` 데이터 삽입
-- -----------------------------------------------------
-- POINT 데이터는 POINT(경도, 위도) 형식으로 임의의 값을 지정했습니다.
INSERT INTO DEVICE_INFO (DEVICE_CODE, device_type, location, battery_level, is_used, created_at) VALUES
('0250904001', '킥보드', POINT(126.951, 37.391), 85, 0, '2025-09-04'),
('0250904002', '킥보드', POINT(126.952, 37.392), 45, 1, '2025-09-04'),
('0250904003', '킥보드', POINT(126.953, 37.393), 15, 0, '2025-09-04'),
('1250904001', '자전거', POINT(126.954, 37.394), 92, 0, '2025-09-04'),
('1250904002', '자전거', POINT(126.955, 37.395), 73, 0, '2025-09-04');

-- -----------------------------------------------------
-- Table `RENTAL_LOG` 데이터 삽입
-- -----------------------------------------------------
INSERT INTO RENTAL_LOG (USER_ID, DEVICE_CODE, start_time, end_time, start_loc, end_loc, fee, moved_distance) VALUES
('user001', '0250904001', '2024-03-01 09:00:00', '2024-03-01 09:15:00', POINT(126.931, 37.371), POINT(126.932, 37.372), 1500, 2500),
('user002', '0250904002', '2024-03-01 10:30:00', '2024-03-01 10:45:00', POINT(126.933, 37.373), POINT(126.934, 37.374), 1500, 1800),
('user003', '0250904003', '2024-03-01 11:10:00', '2024-03-01 11:25:00', POINT(126.935, 37.375), POINT(126.936, 37.376), 2000, 3200),
('user004', '1250904001', '2024-03-01 12:05:00', '2024-03-01 12:25:00', POINT(126.937, 37.377), POINT(126.938, 37.378), 2000, 3400),
('user005', '1250904002', '2024-03-01 13:00:00', '2024-03-01 13:12:00', POINT(126.939, 37.379), POINT(126.940, 37.380), 1200, 1500);


INSERT INTO REPORT_LOG (REPORTER_USER_ID, REPORTED_USER_ID, REPORTED_DEVICE_CODE, report_time, report_case, reporter_loc, reported_loc, image, is_verified) VALUES
('user001', 'user002', '0250904002', '2024-03-01 09:20:00', 0, POINT(126.941, 37.381), POINT(126.9415, 37.3815), NULL, 1),
('user002', 'user003', '0250904003', '2024-03-01 10:50:00', 2, POINT(126.942, 37.382), POINT(126.943, 37.383), NULL, 0),
('user004', 'user003', '1250904001', '2024-03-01 12:40:00', 1, POINT(126.944, 37.384), POINT(126.9445, 37.3845), NULL, 0),
('user005', 'user001', '1250904002', '2024-03-01 13:20:00', 0, POINT(126.945, 37.385), POINT(126.9455, 37.3855), NULL, 0);